<?xml version="1.0" encoding="UTF-8"?>
<project-private xmlns="http://www.netbeans.org/ns/project-private/1">
    <editor-bookmarks xmlns="http://www.netbeans.org/ns/editor-bookmarks/2" lastBookmarkId="0"/>
    <open-files xmlns="http://www.netbeans.org/ns/projectui-open-files/2">
        <group>
            <file>file:/G:/My%20Documents/Netbeans/cweb280project/logout.php</file>
            <file>file:/G:/My%20Documents/Netbeans/cweb280project/index.php</file>
            <file>file:/G:/My%20Documents/Netbeans/cweb280project/login.php</file>
        </group>
    </open-files>
</project-private>
